Workbook

Sheet Volunteer
A1: Volunteer | B1: SCA ID/Email | D1: Instructions:
A2: Volunteer 1 | D2: 1. The trainer only needs to report volunteers participating in the descriptive assessment activities
A3: Volunteer 2
A4: Volunteer 3
A5: Volunteer 4 | D5: 2. These descriptive assessment volunteers are only needed in cases where the trainer has fewer than six learners enrolled in the course. 3. These descriptive assessment volunteers participate in the descriptive assessment activities on Days 2 and 3, and 4. These descriptive assessment volunteers must hold a current SCA Q Grader license.
A6: Volunteer 5

Sheet 学员姓名
A1: 编号 | B1: 学员姓名 | D1: 操作说明：
A2: 1 | B2: 学生 1 | D2: 1. 使用此成绩纪录表时，请填写黄色栏位即可。
A3: 2 | B3: 学生 2
A4: 3 | B4: 学生 3
A5: 4 | B5: 学生 4 | D5: 2. 在「学员」工作表中，在B栏输入每位学员的姓名。系统会自动将学员姓名同步至「结果」工作表以及各项考试的成绩表单中。 3. 在各项考试的成绩表单中，输入学员在每个项目的分数（或整体分数，依考试类型而定）。当学员取得及格分数 时，「结果」工作表会自动更新。 4. 学员必须在每个实作考试中至少取得一次及格分数，「结果」工作表的 C 栏才会显示「通过 (PASS)」。 5. 当所有考试都已完成评分且课程结束后，请将完整的成绩纪录表上传至 Salesforce。
A6: 5 | B6: 学生 5
A7: 6 | B7: 学生 6
A8: 7 | B8: 学生 7
A9: 8 | B9: 学生 8
A10: 9 | B10: 学生 9
A11: 10 | B11: 学生 10
A12: 11 | B12: 学生 11
A13: 12 | B13: 学生 12
A14: 13 | B14: 学生 13
A15: 14 | B15: 学生 14
A16: 15 | B16: 学生 15
A17: 16 | B17: 学生 16
... A25: 24 | B25: 学生 24

Sheet 结果
A1: 编号 | B1: 学员姓名 | C1: 结果（笔试结果待定） | D1: 杯测技能 (1) | E1: 杯测技能 (2) | F1: 物理性评估 (1) | G1: 物理性评估 (2) | H1: 嗅觉样品分类 (1) | I1: 嗅觉样品分类 (2) | J1: 描述性评估 (1) | K1: 描述性评估 (2) | L1: 三角杯测 (1) | M1: 三角杯测 (2) | N1: 烘焙问题 (1) | O1: 烘焙问题 (2) | P1: 基本味觉 (1) | Q1: 基本味觉 (2) | R1: 情感性评估 (1) | S1: 情感性评估 (2)
A2: 1 | B2: =学员姓名!B2 -> 学生 1 | C2: =IF(AND(OR(D2="通过", E2="通过"),OR(F2="通过", G2="通过"),OR(H2="通过", I2="通过"),OR(J2="通过", K2="通过"),OR(L2="通过",M2="通过"),OR(N2="通过",O2="通过"),OR(P2="通过",Q2="通过"),OR(R2="通过",S2="通过")),"通过","未通过") -> 未通过 | D2: ='杯测技能 (1)'!C9 -> 通过 | E2: ='杯测技能 (2)'!C9 -> 通过 | F2: ='物理性评估 (1)'!C11 -> 未通过／未参加 | G2: ='物理性评估 (2)'!C11 -> 未通过／未参加 | H2: ='嗅觉样品分类 (1)'!C4 -> 未通过／未参加 | I2: ='嗅觉样品分类 (2)'!C4 -> 未通过／未参加 | J2: ='描述性评估 (1)'!C8 -> 未通过／未参加 | K2: ='描述性评估 (2)'!C8 -> 未通过／未参加 | L2: ='三角杯测 (1)'!C4 -> 未通过／未参加 | M2: ='三角杯测 (2)'!C4 -> 未通过／未参加 | N2: ='烘焙问题 (1)'!C4 -> 未通过／未参加 | O2: ='烘焙问题 (2)'!C4 -> 未通过／未参加 | P2: ='基本味觉 (1)'!C6 -> 未通过／未参加 | Q2: ='基本味觉 (2)'!C6 -> 未通过／未参加 | R2: ='情感性评估 (1)'!C9 -> 未通过／未参加 | S2: ='情感性评估 (2)'!C9 -> 未通过／未参加
A3: 2 | B3: =学员姓名!B3 -> 学生 2 | C3: =IF(AND(OR(D3="通过", E3="通过"),OR(F3="通过", G3="通过"),OR(H3="通过", I3="通过"),OR(J3="通过", K3="通过"),OR(L3="通过",M3="通过"),OR(N3="通过",O3="通过"),OR(P3="通过",Q3="通过"),OR(R3="通过",S3="通过")),"通过","未通过") -> 未通过 | D3: ='杯测技能 (1)'!D9 -> 通过 | E3: ='杯测技能 (2)'!D9 -> 通过 | F3: ='物理性评估 (1)'!D11 -> 未通过／未参加 | G3: ='物理性评估 (2)'!D11 -> 未通过／未参加 | H3: ='嗅觉样品分类 (1)'!D4 -> 未通过／未参加 | I3: ='嗅觉样品分类 (2)'!D4 -> 未通过／未参加 | J3: ='描述性评估 (1)'!D8 -> 未通过／未参加 | K3: ='描述性评估 (2)'!D8 -> 未通过／未参加 | L3: ='三角杯测 (1)'!D4 -> 未通过／未参加 | M3: ='三角杯测 (2)'!D4 -> 未通过／未参加 | N3: ='烘焙问题 (1)'!D4 -> 未通过／未参加 | O3: ='烘焙问题 (2)'!D4 -> 未通过／未参加 | P3: ='基本味觉 (1)'!D6 -> 未通过／未参加 | Q3: ='基本味觉 (2)'!D6 -> 未通过／未参加 | R3: ='情感性评估 (1)'!D9 -> 未通过／未参加 | S3: ='情感性评估 (2)'!D9 -> 未通过／未参加
A4: 3 | B4: =学员姓名!B4 -> 学生 3 | C4: =IF(AND(OR(D4="通过", E4="通过"),OR(F4="通过", G4="通过"),OR(H4="通过", I4="通过"),OR(J4="通过", K4="通过"),OR(L4="通过",M4="通过"),OR(N4="通过",O4="通过"),OR(P4="通过",Q4="通过"),OR(R4="通过",S4="通过")),"通过","未通过") -> 未通过 | D4: ='杯测技能 (1)'!E9 -> 通过 | E4: ='杯测技能 (2)'!E9 -> 通过 | F4: ='物理性评估 (1)'!D11 -> 未通过／未参加 | G4: ='物理性评估 (2)'!E11 -> 未通过／未参加 | H4: ='嗅觉样品分类 (1)'!E4 -> 未通过／未参加 | I4: ='嗅觉样品分类 (2)'!E4 -> 未通过／未参加 | J4: ='描述性评估 (1)'!E8 -> 未通过／未参加 | K4: ='描述性评估 (2)'!E8 -> 未通过／未参加 | L4: ='三角杯测 (1)'!E4 -> 未通过／未参加 | M4: ='三角杯测 (2)'!E4 -> 未通过／未参加 | N4: ='烘焙问题 (1)'!E4 -> 未通过／未参加 | O4: ='烘焙问题 (2)'!E4 -> 未通过／未参加 | P4: ='基本味觉 (1)'!E6 -> 未通过／未参加 | Q4: ='基本味觉 (2)'!E6 -> 未通过／未参加 | R4: ='情感性评估 (1)'!E9 -> 未通过／未参加 | S4: ='情感性评估 (2)'!E9 -> 未通过／未参加
A5: 4 | B5: =学员姓名!B5 -> 学生 4 | C5: =IF(AND(OR(D5="通过", E5="通过"),OR(F5="通过", G5="通过"),OR(H5="通过", I5="通过"),OR(J5="通过", K5="通过"),OR(L5="通过",M5="通过"),OR(N5="通过",O5="通过"),OR(P5="通过",Q5="通过"),OR(R5="通过",S5="通过")),"通过","未通过") -> 未通过 | D5: ='杯测技能 (1)'!F9 -> 通过 | E5: ='杯测技能 (2)'!F9 -> 通过 | F5: ='物理性评估 (1)'!F11 -> 未通过／未参加 | G5: ='物理性评估 (2)'!F11 -> 未通过／未参加 | H5: ='嗅觉样品分类 (1)'!F4 -> 未通过／未参加 | I5: ='嗅觉样品分类 (2)'!F4 -> 未通过／未参加 | J5: ='描述性评估 (1)'!F8 -> 未通过／未参加 | K5: ='描述性评估 (2)'!F8 -> 未通过／未参加 | L5: ='三角杯测 (1)'!F4 -> 未通过／未参加 | M5: ='三角杯测 (2)'!F4 -> 未通过／未参加 | N5: ='烘焙问题 (1)'!F4 -> 未通过／未参加 | O5: ='烘焙问题 (2)'!F4 -> 未通过／未参加 | P5: ='基本味觉 (1)'!F6 -> 未通过／未参加 | Q5: ='基本味觉 (2)'!F6 -> 未通过／未参加 | R5: ='情感性评估 (1)'!F9 -> 未通过／未参加 | S5: ='情感性评估 (2)'!F9 -> 未通过／未参加
A6: 5 | B6: =学员姓名!B6 -> 学生 5 | C6: =IF(AND(OR(D6="通过", E6="通过"),OR(F6="通过", G6="通过"),OR(H6="通过", I6="通过"),OR(J6="通过", K6="通过"),OR(L6="通过",M6="通过"),OR(N6="通过",O6="通过"),OR(P6="通过",Q6="通过"),OR(R6="通过",S6="通过")),"通过","未通过") -> 未通过 | D6: ='杯测技能 (1)'!G9 -> 通过 | E6: ='杯测技能 (2)'!G9 -> 通过 | F6: ='物理性评估 (1)'!G11 -> 未通过／未参加 | G6: ='物理性评估 (2)'!G11 -> 未通过／未参加 | H6: ='嗅觉样品分类 (1)'!G4 -> 未通过／未参加 | I6: ='嗅觉样品分类 (2)'!G4 -> 未通过／未参加 | J6: ='描述性评估 (1)'!G8 -> 未通过／未参加 | K6: ='描述性评估 (2)'!G8 -> 未通过／未参加 | L6: ='三角杯测 (1)'!G4 -> 未通过／未参加 | M6: ='三角杯测 (2)'!G4 -> 未通过／未参加 | N6: ='烘焙问题 (1)'!G4 -> 未通过／未参加 | O6: ='烘焙问题 (2)'!G4 -> 未通过／未参加 | P6: ='基本味觉 (1)'!G6 -> 未通过／未参加 | Q6: ='基本味觉 (2)'!G6 -> 未通过／未参加 | R6: ='情感性评估 (1)'!G9 -> 未通过／未参加 | S6: ='情感性评估 (2)'!G9 -> 未通过／未参加
A7: 6 | B7: =学员姓名!B7 -> 学生 6 | C7: =IF(AND(OR(D7="通过", E7="通过"),OR(F7="通过", G7="通过"),OR(H7="通过", I7="通过"),OR(J7="通过", K7="通过"),OR(L7="通过",M7="通过"),OR(N7="通过",O7="通过"),OR(P7="通过",Q7="通过"),OR(R7="通过",S7="通过")),"通过","未通过") -> 未通过 | D7: ='杯测技能 (1)'!H9 -> 通过 | E7: ='杯测技能 (2)'!H9 -> 通过 | F7: ='物理性评估 (1)'!H11 -> 未通过／未参加 | G7: ='物理性评估 (2)'!H11 -> 未通过／未参加 | H7: ='嗅觉样品分类 (1)'!H4 -> 未通过／未参加 | I7: ='嗅觉样品分类 (2)'!H4 -> 未通过／未参加 | J7: ='描述性评估 (1)'!H8 -> 未通过／未参加 | K7: ='描述性评估 (2)'!H8 -> 未通过／未参加 | L7: ='三角杯测 (1)'!H4 -> 未通过／未参加 | M7: ='三角杯测 (2)'!H4 -> 未通过／未参加 | N7: ='烘焙问题 (1)'!H4 -> 未通过／未参加 | O7: ='烘焙问题 (2)'!H4 -> 未通过／未参加 | P7: ='基本味觉 (1)'!H6 -> 未通过／未参加 | Q7: ='基本味觉 (2)'!H6 -> 未通过／未参加 | R7: ='情感性评估 (1)'!H9 -> 未通过／未参加 | S7: ='情感性评估 (2)'!H9 -> 未通过／未参加
A8: 7 | B8: =学员姓名!B8 -> 学生 7 | C8: =IF(AND(OR(D8="通过", E8="通过"),OR(F8="通过", G8="通过"),OR(H8="通过", I8="通过"),OR(J8="通过", K8="通过"),OR(L8="通过",M8="通过"),OR(N8="通过",O8="通过"),OR(P8="通过",Q8="通过"),OR(R8="通过",S8="通过")),"通过","未通过") -> 未通过 | D8: ='杯测技能 (1)'!I9 -> 通过 | E8: ='杯测技能 (2)'!I9 -> 通过 | F8: ='物理性评估 (1)'!I11 -> 未通过／未参加 | G8: ='物理性评估 (2)'!I11 -> 未通过／未参加 | H8: ='嗅觉样品分类 (1)'!I4 -> 未通过／未参加 | I8: ='嗅觉样品分类 (2)'!I4 -> 未通过／未参加 | J8: ='描述性评估 (1)'!I8 -> 未通过／未参加 | K8: ='描述性评估 (2)'!I8 -> 未通过／未参加 | L8: ='三角杯测 (1)'!I4 -> 未通过／未参加 | M8: ='三角杯测 (2)'!I4 -> 未通过／未参加 | N8: ='烘焙问题 (1)'!I4 -> 未通过／未参加 | O8: ='烘焙问题 (2)'!I4 -> 未通过／未参加 | P8: ='基本味觉 (1)'!I6 -> 未通过／未参加 | Q8: ='基本味觉 (2)'!I6 -> 未通过／未参加 | R8: ='情感性评估 (1)'!I9 -> 未通过／未参加 | S8: ='情感性评估 (2)'!I9 -> 未通过／未参加
A9: 8 | B9: =学员姓名!B9 -> 学生 8 | C9: =IF(AND(OR(D9="通过", E9="通过"),OR(F9="通过", G9="通过"),OR(H9="通过", I9="通过"),OR(J9="通过", K9="通过"),OR(L9="通过",M9="通过"),OR(N9="通过",O9="通过"),OR(P9="通过",Q9="通过"),OR(R9="通过",S9="通过")),"通过","未通过") -> 未通过 | D9: ='杯测技能 (1)'!J9 -> 通过 | E9: ='杯测技能 (2)'!J9 -> 通过 | F9: ='物理性评估 (1)'!J11 -> 未通过／未参加 | G9: ='物理性评估 (2)'!J11 -> 未通过／未参加 | H9: ='嗅觉样品分类 (1)'!J4 -> 未通过／未参加 | I9: ='嗅觉样品分类 (2)'!J4 -> 未通过／未参加 | J9: ='描述性评估 (1)'!J8 -> 未通过／未参加 | K9: ='描述性评估 (2)'!J8 -> 未通过／未参加 | L9: ='三角杯测 (1)'!J4 -> 未通过／未参加 | M9: ='三角杯测 (2)'!J4 -> 未通过／未参加 | N9: ='烘焙问题 (1)'!J4 -> 未通过／未参加 | O9: ='烘焙问题 (2)'!J4 -> 未通过／未参加 | P9: ='基本味觉 (1)'!J6 -> 未通过／未参加 | Q9: ='基本味觉 (2)'!J6 -> 未通过／未参加 | R9: ='情感性评估 (1)'!J9 -> 未通过／未参加 | S9: ='情感性评估 (2)'!J9 -> 未通过／未参加
A10: 9 | B10: =学员姓名!B10 -> 学生 9 | C10: =IF(AND(OR(D10="通过", E10="通过"),OR(F10="通过", G10="通过"),OR(H10="通过", I10="通过"),OR(J10="通过", K10="通过"),OR(L10="通过",M10="通过"),OR(N10="通过",O10="通过"),OR(P10="通过",Q10="通过"),OR(R10="通过",S10="通过")),"通过","未通过") -> 未通过 | D10: ='杯测技能 (1)'!K9 -> 通过 | E10: ='杯测技能 (2)'!K9 -> 通过 | F10: ='物理性评估 (1)'!K11 -> 未通过／未参加 | G10: ='物理性评估 (2)'!K11 -> 未通过／未参加 | H10: ='嗅觉样品分类 (1)'!K4 -> 未通过／未参加 | I10: ='嗅觉样品分类 (2)'!K4 -> 未通过／未参加 | J10: ='描述性评估 (1)'!K8 -> 未通过／未参加 | K10: ='描述性评估 (2)'!K8 -> 未通过／未参加 | L10: ='三角杯测 (1)'!K4 -> 未通过／未参加 | M10: ='三角杯测 (2)'!K4 -> 未通过／未参加 | N10: ='烘焙问题 (1)'!K4 -> 未通过／未参加 | O10: ='烘焙问题 (2)'!K4 -> 未通过／未参加 | P10: ='基本味觉 (1)'!K6 -> 未通过／未参加 | Q10: ='基本味觉 (2)'!K6 -> 未通过／未参加 | R10: ='情感性评估 (1)'!K9 -> 未通过／未参加 | S10: ='情感性评估 (2)'!K9 -> 未通过／未参加
A11: 10 | B11: =学员姓名!B11 -> 学生 10 | C11: =IF(AND(OR(D11="通过", E11="通过"),OR(F11="通过", G11="通过"),OR(H11="通过", I11="通过"),OR(J11="通过", K11="通过"),OR(L11="通过",M11="通过"),OR(N11="通过",O11="通过"),OR(P11="通过",Q11="通过"),OR(R11="通过",S11="通过")),"通过","未通过") -> 未通过 | D11: ='杯测技能 (1)'!L9 -> 通过 | E11: ='杯测技能 (2)'!L9 -> 通过 | F11: ='物理性评估 (1)'!L11 -> 未通过／未参加 | G11: ='物理性评估 (2)'!L11 -> 未通过／未参加 | H11: ='嗅觉样品分类 (1)'!L4 -> 未通过／未参加 | I11: ='嗅觉样品分类 (2)'!L4 -> 未通过／未参加 | J11: ='描述性评估 (1)'!L8 -> 未通过／未参加 | K11: ='描述性评估 (2)'!L8 -> 未通过／未参加 | L11: ='三角杯测 (1)'!L4 -> 未通过／未参加 | M11: ='三角杯测 (2)'!L4 -> 未通过／未参加 | N11: ='烘焙问题 (1)'!L4 -> 未通过／未参加 | O11: ='烘焙问题 (2)'!L4 -> 未通过／未参加 | P11: ='基本味觉 (1)'!L6 -> 未通过／未参加 | Q11: ='基本味觉 (2)'!L6 -> 未通过／未参加 | R11: ='情感性评估 (1)'!L9 -> 未通过／未参加 | S11: ='情感性评估 (2)'!L9 -> 未通过／未参加
A12: 11 | B12: =学员姓名!B12 -> 学生 11 | C12: =IF(AND(OR(D12="通过", E12="通过"),OR(F12="通过", G12="通过"),OR(H12="通过", I12="通过"),OR(J12="通过", K12="通过"),OR(L12="通过",M12="通过"),OR(N12="通过",O12="通过"),OR(P12="通过",Q12="通过"),OR(R12="通过",S12="通过")),"通过","未通过") -> 未通过 | D12: ='杯测技能 (1)'!M9 -> 通过 | E12: ='杯测技能 (2)'!M9 -> 通过 | F12: ='物理性评估 (1)'!M11 -> 未通过／未参加 | G12: ='物理性评估 (2)'!M11 -> 未通过／未参加 | H12: ='嗅觉样品分类 (1)'!M4 -> 未通过／未参加 | I12: ='嗅觉样品分类 (2)'!M4 -> 未通过／未参加 | J12: ='描述性评估 (1)'!M8 -> 未通过／未参加 | K12: ='描述性评估 (2)'!M8 -> 未通过／未参加 | L12: ='三角杯测 (1)'!M4 -> 未通过／未参加 | M12: ='三角杯测 (2)'!M4 -> 未通过／未参加 | N12: ='烘焙问题 (1)'!M4 -> 未通过／未参加 | O12: ='烘焙问题 (2)'!M4 -> 未通过／未参加 | P12: ='基本味觉 (1)'!M6 -> 未通过／未参加 | Q12: ='基本味觉 (2)'!M6 -> 未通过／未参加 | R12: ='情感性评估 (1)'!M9 -> 未通过／未参加 | S12: ='情感性评估 (2)'!M9 -> 未通过／未参加
A13: 12 | B13: =学员姓名!B13 -> 学生 12 | C13: =IF(AND(OR(D13="通过", E13="通过"),OR(F13="通过", G13="通过"),OR(H13="通过", I13="通过"),OR(J13="通过", K13="通过"),OR(L13="通过",M13="通过"),OR(N13="通过",O13="通过"),OR(P13="通过",Q13="通过"),OR(R13="通过",S13="通过")),"通过","未通过") -> 未通过 | D13: ='杯测技能 (1)'!N9 -> 通过 | E13: ='杯测技能 (2)'!N9 -> 通过 | F13: ='物理性评估 (1)'!N11 -> 未通过／未参加 | G13: ='物理性评估 (2)'!N11 -> 未通过／未参加 | H13: ='嗅觉样品分类 (1)'!N4 -> 未通过／未参加 | I13: ='嗅觉样品分类 (2)'!N4 -> 未通过／未参加 | J13: ='描述性评估 (1)'!N8 -> 未通过／未参加 | K13: ='描述性评估 (2)'!N8 -> 未通过／未参加 | L13: ='三角杯测 (1)'!N4 -> 未通过／未参加 | M13: ='三角杯测 (2)'!N4 -> 未通过／未参加 | N13: ='烘焙问题 (1)'!N4 -> 未通过／未参加 | O13: ='烘焙问题 (2)'!N4 -> 未通过／未参加 | P13: ='基本味觉 (1)'!N6 -> 未通过／未参加 | Q13: ='基本味觉 (2)'!N6 -> 未通过／未参加 | R13: ='情感性评估 (1)'!N9 -> 未通过／未参加 | S13: ='情感性评估 (2)'!N9 -> 未通过／未参加
A14: 13 | B14: =学员姓名!B14 -> 学生 13 | C14: =IF(AND(OR(D14="通过", E14="通过"),OR(F14="通过", G14="通过"),OR(H14="通过", I14="通过"),OR(J14="通过", K14="通过"),OR(L14="通过",M14="通过"),OR(N14="通过",O14="通过"),OR(P14="通过",Q14="通过"),OR(R14="通过",S14="通过")),"通过","未通过") -> 未通过 | D14: ='杯测技能 (1)'!O9 -> 通过 | E14: ='杯测技能 (2)'!O9 -> 通过 | F14: ='物理性评估 (1)'!O11 -> 未通过／未参加 | G14: ='物理性评估 (2)'!O11 -> 未通过／未参加 | H14: ='嗅觉样品分类 (1)'!O4 -> 未通过／未参加 | I14: ='嗅觉样品分类 (2)'!O4 -> 未通过／未参加 | J14: ='描述性评估 (1)'!O8 -> 未通过／未参加 | K14: ='描述性评估 (2)'!O8 -> 未通过／未参加 | L14: ='三角杯测 (1)'!O4 -> 未通过／未参加 | M14: ='三角杯测 (2)'!O4 -> 未通过／未参加 | N14: ='烘焙问题 (1)'!O4 -> 未通过／未参加 | O14: ='烘焙问题 (2)'!O4 -> 未通过／未参加 | P14: ='基本味觉 (1)'!O6 -> 未通过／未参加 | Q14: ='基本味觉 (2)'!O6 -> 未通过／未参加 | R14: ='情感性评估 (1)'!O9 -> 未通过／未参加 | S14: ='情感性评估 (2)'!O9 -> 未通过／未参加
A15: 14 | B15: =学员姓名!B15 -> 学生 14 | C15: =IF(AND(OR(D15="通过", E15="通过"),OR(F15="通过", G15="通过"),OR(H15="通过", I15="通过"),OR(J15="通过", K15="通过"),OR(L15="通过",M15="通过"),OR(N15="通过",O15="通过"),OR(P15="通过",Q15="通过"),OR(R15="通过",S15="通过")),"通过","未通过") -> 未通过 | D15: ='杯测技能 (1)'!P9 -> 通过 | E15: ='杯测技能 (2)'!P9 -> 通过 | F15: ='物理性评估 (1)'!P11 -> 未通过／未参加 | G15: ='物理性评估 (2)'!P11 -> 未通过／未参加 | H15: ='嗅觉样品分类 (1)'!P4 -> 未通过／未参加 | I15: ='嗅觉样品分类 (2)'!P4 -> 未通过／未参加 | J15: ='描述性评估 (1)'!P8 -> 未通过／未参加 | K15: ='描述性评估 (2)'!P8 -> 未通过／未参加 | L15: ='三角杯测 (1)'!P4 -> 未通过／未参加 | M15: ='三角杯测 (2)'!P4 -> 未通过／未参加 | N15: ='烘焙问题 (1)'!P4 -> 未通过／未参加 | O15: ='烘焙问题 (2)'!P4 -> 未通过／未参加 | P15: ='基本味觉 (1)'!P6 -> 未通过／未参加 | Q15: ='基本味觉 (2)'!P6 -> 未通过／未参加 | R15: ='情感性评估 (1)'!P9 -> 未通过／未参加 | S15: ='情感性评估 (2)'!P9 -> 未通过／未参加
A16: 15 | B16: =学员姓名!B16 -> 学生 15 | C16: =IF(AND(OR(D16="通过", E16="通过"),OR(F16="通过", G16="通过"),OR(H16="通过", I16="通过"),OR(J16="通过", K16="通过"),OR(L16="通过",M16="通过"),OR(N16="通过",O16="通过"),OR(P16="通过",Q16="通过"),OR(R16="通过",S16="通过")),"通过","未通过") -> 未通过 | D16: ='杯测技能 (1)'!Q9 -> 通过 | E16: ='杯测技能 (2)'!Q9 -> 通过 | F16: ='物理性评估 (1)'!Q11 -> 未通过／未参加 | G16: ='物理性评估 (2)'!Q11 -> 未通过／未参加 | H16: ='嗅觉样品分类 (1)'!Q4 -> 未通过／未参加 | I16: ='嗅觉样品分类 (2)'!Q4 -> 未通过／未参加 | J16: ='描述性评估 (1)'!Q8 -> 未通过／未参加 | K16: ='描述性评估 (2)'!Q8 -> 未通过／未参加 | L16: ='三角杯测 (1)'!Q4 -> 未通过／未参加 | M16: ='三角杯测 (2)'!Q4 -> 未通过／未参加 | N16: ='烘焙问题 (1)'!Q4 -> 未通过／未参加 | O16: ='烘焙问题 (2)'!Q4 -> 未通过／未参加 | P16: ='基本味觉 (1)'!Q6 -> 未通过／未参加 | Q16: ='基本味觉 (2)'!Q6 -> 未通过／未参加 | R16: ='情感性评估 (1)'!Q9 -> 未通过／未参加 | S16: ='情感性评估 (2)'!Q9 -> 未通过／未参加
A17: 16 | B17: =学员姓名!B17 -> 学生 16 | C17: =IF(AND(OR(D17="通过", E17="通过"),OR(F17="通过", G17="通过"),OR(H17="通过", I17="通过"),OR(J17="通过", K17="通过"),OR(L17="通过",M17="通过"),OR(N17="通过",O17="通过"),OR(P17="通过",Q17="通过"),OR(R17="通过",S17="通过")),"通过","未通过") -> 未通过 | D17: ='杯测技能 (1)'!R9 -> 通过 | E17: ='杯测技能 (2)'!R9 -> 通过 | F17: ='物理性评估 (1)'!R11 -> 未通过／未参加 | G17: ='物理性评估 (2)'!R11 -> 未通过／未参加 | H17: ='嗅觉样品分类 (1)'!R4 -> 未通过／未参加 | I17: ='嗅觉样品分类 (2)'!R4 -> 未通过／未参加 | J17: ='描述性评估 (1)'!R8 -> 未通过／未参加 | K17: ='描述性评估 (2)'!R8 -> 未通过／未参加 | L17: ='三角杯测 (1)'!R4 -> 未通过／未参加 | M17: ='三角杯测 (2)'!R4 -> 未通过／未参加 | N17: ='烘焙问题 (1)'!R4 -> 未通过／未参加 | O17: ='烘焙问题 (2)'!R4 -> 未通过／未参加 | P17: ='基本味觉 (1)'!R6 -> 未通过／未参加 | Q17: ='基本味觉 (2)'!R6 -> 未通过／未参加 | R17: ='情感性评估 (1)'!R9 -> 未通过／未参加 | S17: ='情感性评估 (2)'!R9 -> 未通过／未参加
A18: 17 | B18: =学员姓名!B18 -> 学生 17 | C18: =IF(AND(OR(D18="通过", E18="通过"),OR(F18="通过", G18="通过"),OR(H18="通过", I18="通过"),OR(J18="通过", K18="通过"),OR(L18="通过",M18="通过"),OR(N18="通过",O18="通过"),OR(P18="通过",Q18="通过"),OR(R18="通过",S18="通过")),"通过","未通过") -> 未通过 | D18: ='杯测技能 (1)'!S9 -> 通过 | E18: ='杯测技能 (2)'!S9 -> 通过 | F18: ='物理性评估 (1)'!S11 -> 未通过／未参加 | G18: ='物理性评估 (2)'!S11 -> 未通过／未参加 | H18: ='嗅觉样品分类 (1)'!S4 -> 未通过／未参加 | I18: ='嗅觉样品分类 (2)'!S4 -> 未通过／未参加 | J18: ='描述性评估 (1)'!S8 -> 未通过／未参加 | K18: ='描述性评估 (2)'!S8 -> 未通过／未参加 | L18: ='三角杯测 (1)'!S4 -> 未通过／未参加 | M18: ='三角杯测 (2)'!S4 -> 未通过／未参加 | N18: ='烘焙问题 (1)'!S4 -> 未通过／未参加 | O18: ='烘焙问题 (2)'!S4 -> 未通过／未参加 | P18: ='基本味觉 (1)'!S6 -> 未通过／未参加 | Q18: ='基本味觉 (2)'!S6 -> 未通过／未参加 | R18: ='情感性评估 (1)'!S9 -> 未通过／未参加 | S18: ='情感性评估 (2)'!S9 -> 未通过／未参加
A19: 18 | B19: =学员姓名!B19 -> 学生 18 | C19: =IF(AND(OR(D19="通过", E19="通过"),OR(F19="通过", G19="通过"),OR(H19="通过", I19="通过"),OR(J19="通过", K19="通过"),OR(L19="通过",M19="通过"),OR(N19="通过",O19="通过"),OR(P19="通过",Q19="通过"),OR(R19="通过",S19="通过")),"通过","未通过") -> 未通过 | D19: ='杯测技能 (1)'!T9 -> 通过 | E19: ='杯测技能 (2)'!T9 -> 通过 | F19: ='物理性评估 (1)'!T11 -> 未通过／未参加 | G19: ='物理性评估 (2)'!T11 -> 未通过／未参加 | H19: ='嗅觉样品分类 (1)'!T4 -> 未通过／未参加 | I19: ='嗅觉样品分类 (2)'!T4 -> 未通过／未参加 | J19: ='描述性评估 (1)'!T8 -> 未通过／未参加 | K19: ='描述性评估 (2)'!T8 -> 未通过／未参加 | L19: ='三角杯测 (1)'!T4 -> 未通过／未参加 | M19: ='三角杯测 (2)'!T4 -> 未通过／未参加 | N19: ='烘焙问题 (1)'!T4 -> 未通过／未参加 | O19: ='烘焙问题 (2)'!T4 -> 未通过／未参加 | P19: ='基本味觉 (1)'!T6 -> 未通过／未参加 | Q19: ='基本味觉 (2)'!T6 -> 未通过／未参加 | R19: ='情感性评估 (1)'!T9 -> 未通过／未参加 | S19: ='情感性评估 (2)'!T9 -> 未通过／未参加
A20: 19 | B20: =学员姓名!B20 -> 学生 19 | C20: =IF(AND(OR(D20="通过", E20="通过"),OR(F20="通过", G20="通过"),OR(H20="通过", I20="通过"),OR(J20="通过", K20="通过"),OR(L20="通过",M20="通过"),OR(N20="通过",O20="通过"),OR(P20="通过",Q20="通过"),OR(R20="通过",S20="通过")),"通过","未通过") -> 未通过 | D20: ='杯测技能 (1)'!U9 -> 通过 | E20: ='杯测技能 (2)'!U9 -> 通过 | F20: ='物理性评估 (1)'!U11 -> 未通过／未参加 | G20: ='物理性评估 (2)'!U11 -> 未通过／未参加 | H20: ='嗅觉样品分类 (1)'!U4 -> 未通过／未参加 | I20: ='嗅觉样品分类 (2)'!U4 -> 未通过／未参加 | J20: ='描述性评估 (1)'!U8 -> 未通过／未参加 | K20: ='描述性评估 (2)'!U8 -> 未通过／未参加 | L20: ='三角杯测 (1)'!U4 -> 未通过／未参加 | M20: ='三角杯测 (2)'!U4 -> 未通过／未参加 | N20: ='烘焙问题 (1)'!U4 -> 未通过／未参加 | O20: ='烘焙问题 (2)'!U4 -> 未通过／未参加 | P20: ='基本味觉 (1)'!U6 -> 未通过／未参加 | Q20: ='基本味觉 (2)'!U6 -> 未通过／未参加 | R20: ='情感性评估 (1)'!U9 -> 未通过／未参加 | S20: ='情感性评估 (2)'!U9 -> 未通过／未参加
A21: 20 | B21: =学员姓名!B21 -> 学生 20 | C21: =IF(AND(OR(D21="通过", E21="通过"),OR(F21="通过", G21="通过"),OR(H21="通过", I21="通过"),OR(J21="通过", K21="通过"),OR(L21="通过",M21="通过"),OR(N21="通过",O21="通过"),OR(P21="通过",Q21="通过"),OR(R21="通过",S21="通过")),"通过","未通过") -> 未通过 | D21: ='杯测技能 (1)'!V9 -> 通过 | E21: ='杯测技能 (2)'!V9 -> 通过 | F21: ='物理性评估 (1)'!V11 -> 未通过／未参加 | G21: ='物理性评估 (2)'!V11 -> 未通过／未参加 | H21: ='嗅觉样品分类 (1)'!V4 -> 未通过／未参加 | I21: ='嗅觉样品分类 (2)'!V4 -> 未通过／未参加 | J21: ='描述性评估 (1)'!V8 -> 未通过／未参加 | K21: ='描述性评估 (2)'!V8 -> 未通过／未参加 | L21: ='三角杯测 (1)'!V4 -> 未通过／未参加 | M21: ='三角杯测 (2)'!V4 -> 未通过／未参加 | N21: ='烘焙问题 (1)'!V4 -> 未通过／未参加 | O21: ='烘焙问题 (2)'!V4 -> 未通过／未参加 | P21: ='基本味觉 (1)'!V6 -> 未通过／未参加 | Q21: ='基本味觉 (2)'!V6 -> 未通过／未参加 | R21: ='情感性评估 (1)'!V9 -> 未通过／未参加 | S21: ='情感性评估 (2)'!V9 -> 未通过／未参加
A22: 21 | B22: =学员姓名!B22 -> 学生 21 | C22: =IF(AND(OR(D22="通过", E22="通过"),OR(F22="通过", G22="通过"),OR(H22="通过", I22="通过"),OR(J22="通过", K22="通过"),OR(L22="通过",M22="通过"),OR(N22="通过",O22="通过"),OR(P22="通过",Q22="通过"),OR(R22="通过",S22="通过")),"通过","未通过") -> 未通过 | D22: ='杯测技能 (1)'!W9 -> 通过 | E22: ='杯测技能 (2)'!W9 -> 通过 | F22: ='物理性评估 (1)'!W11 -> 未通过／未参加 | G22: ='物理性评估 (2)'!W11 -> 未通过／未参加 | H22: ='嗅觉样品分类 (1)'!W4 -> 未通过／未参加 | I22: ='嗅觉样品分类 (2)'!W4 -> 未通过／未参加 | J22: ='描述性评估 (1)'!W8 -> 未通过／未参加 | K22: ='描述性评估 (2)'!W8 -> 未通过／未参加 | L22: ='三角杯测 (1)'!W4 -> 未通过／未参加 | M22: ='三角杯测 (2)'!W4 -> 未通过／未参加 | N22: ='烘焙问题 (1)'!W4 -> 未通过／未参加 | O22: ='烘焙问题 (2)'!W4 -> 未通过／未参加 | P22: ='基本味觉 (1)'!W6 -> 未通过／未参加 | Q22: ='基本味觉 (2)'!W6 -> 未通过／未参加 | R22: ='情感性评估 (1)'!W9 -> 未通过／未参加 | S22: ='情感性评估 (2)'!W9 -> 未通过／未参加
A23: 22 | B23: =学员姓名!B23 -> 学生 22 | C23: =IF(AND(OR(D23="通过", E23="通过"),OR(F23="通过", G23="通过"),OR(H23="通过", I23="通过"),OR(J23="通过", K23="通过"),OR(L23="通过",M23="通过"),OR(N23="通过",O23="通过"),OR(P23="通过",Q23="通过"),OR(R23="通过",S23="通过")),"通过","未通过") -> 未通过 | D23: ='杯测技能 (1)'!X9 -> 通过 | E23: ='杯测技能 (2)'!X9 -> 通过 | F23: ='物理性评估 (1)'!X11 -> 未通过／未参加 | G23: ='物理性评估 (2)'!X11 -> 未通过／未参加 | H23: ='嗅觉样品分类 (1)'!X4 -> 未通过／未参加 | I23: ='嗅觉样品分类 (2)'!X4 -> 未通过／未参加 | J23: ='描述性评估 (1)'!X8 -> 未通过／未参加 | K23: ='描述性评估 (2)'!X8 -> 未通过／未参加 | L23: ='三角杯测 (1)'!X4 -> 未通过／未参加 | M23: ='三角杯测 (2)'!X4 -> 未通过／未参加 | N23: ='烘焙问题 (1)'!X4 -> 未通过／未参加 | O23: ='烘焙问题 (2)'!X4 -> 未通过／未参加 | P23: ='基本味觉 (1)'!X6 -> 未通过／未参加 | Q23: ='基本味觉 (2)'!X6 -> 未通过／未参加 | R23: ='情感性评估 (1)'!X9 -> 未通过／未参加 | S23: ='情感性评估 (2)'!X9 -> 未通过／未参加
A24: 23 | B24: =学员姓名!B24 -> 学生 23 | C24: =IF(AND(OR(D24="通过", E24="通过"),OR(F24="通过", G24="通过"),OR(H24="通过", I24="通过"),OR(J24="通过", K24="通过"),OR(L24="通过",M24="通过"),OR(N24="通过",O24="通过"),OR(P24="通过",Q24="通过"),OR(R24="通过",S24="通过")),"通过","未通过") -> 未通过 | D24: ='杯测技能 (1)'!Y9 -> 通过 | E24: ='杯测技能 (2)'!Y9 -> 通过 | F24: ='物理性评估 (1)'!Y11 -> 未通过／未参加 | G24: ='物理性评估 (2)'!Y11 -> 未通过／未参加 | H24: ='嗅觉样品分类 (1)'!Y4 -> 未通过／未参加 | I24: ='嗅觉样品分类 (2)'!Y4 -> 未通过／未参加 | J24: ='描述性评估 (1)'!Y8 -> 未通过／未参加 | K24: ='描述性评估 (2)'!Y8 -> 未通过／未参加 | L24: ='三角杯测 (1)'!Y4 -> 未通过／未参加 | M24: ='三角杯测 (2)'!Y4 -> 未通过／未参加 | N24: ='烘焙问题 (1)'!Y4 -> 未通过／未参加 | O24: ='烘焙问题 (2)'!Y4 -> 未通过／未参加 | P24: ='基本味觉 (1)'!Y6 -> 未通过／未参加 | Q24: ='基本味觉 (2)'!Y6 -> 未通过／未参加 | R24: ='情感性评估 (1)'!Y9 -> 未通过／未参加 | S24: ='情感性评估 (2)'!Y9 -> 未通过／未参加
A25: 24 | B25: =学员姓名!B25 -> 学生 24 | C25: =IF(AND(OR(D25="通过", E25="通过"),OR(F25="通过", G25="通过"),OR(H25="通过", I25="通过"),OR(J25="通过", K25="通过"),OR(L25="通过",M25="通过"),OR(N25="通过",O25="通过"),OR(P25="通过",Q25="通过"),OR(R25="通过",S25="通过")),"通过","未通过") -> 未通过 | D25: ='杯测技能 (1)'!Z9 -> 通过 | E25: ='杯测技能 (2)'!Z9 -> 通过 | F25: ='物理性评估 (1)'!Z11 -> 未通过／未参加 | G25: ='物理性评估 (2)'!Z11 -> 未通过／未参加 | H25: ='嗅觉样品分类 (1)'!Z4 -> 未通过／未参加 | I25: ='嗅觉样品分类 (2)'!Z4 -> 未通过／未参加 | J25: ='描述性评估 (1)'!Z8 -> 未通过／未参加 | K25: ='描述性评估 (2)'!Z8 -> 未通过／未参加 | L25: ='三角杯测 (1)'!Z4 -> 未通过／未参加 | M25: ='三角杯测 (2)'!Z4 -> 未通过／未参加 | N25: ='烘焙问题 (1)'!Z4 -> 未通过／未参加 | O25: ='烘焙问题 (2)'!Z4 -> 未通过／未参加 | P25: ='基本味觉 (1)'!Z6 -> 未通过／未参加 | Q25: ='基本味觉 (2)'!Z6 -> 未通过／未参加 | R25: ='情感性评估 (1)'!Z9 -> 未通过／未参加 | S25: ='情感性评估 (2)'!Z9 -> 未通过／未参加

Sheet 杯测技能 (1)
A1: 杯测技能 (第一次作答) | C1: =学员姓名!B2 -> 学生 1 | D1: =学员姓名!B3 -> 学生 2 | E1: =学员姓名!B4 -> 学生 3 | F1: =学员姓名!B5 -> 学生 4 | G1: =学员姓名!B6 -> 学生 5 | H1: =学员姓名!B7 -> 学生 6 | I1: =学员姓名!B8 -> 学生 7 | J1: =学员姓名!B9 -> 学生 8 | K1: =学员姓名!B10 -> 学生 9 | L1: =学员姓名!B11 -> 学生 10 | M1: =学员姓名!B12 -> 学生 11 | N1: =学员姓名!B13 -> 学生 12 | O1: =学员姓名!B14 -> 学生 13 | P1: =学员姓名!B15 -> 学生 14 | Q1: =学员姓名!B16 -> 学生 15 | R1: =学员姓名!B17 -> 学生 16 | S1: =学员姓名!B18 -> 学生 17 | T1: =学员姓名!B19 -> 学生 18 | U1: =学员姓名!B20 -> 学生 19 | V1: =学员姓名!B21 -> 学生 20 | W1: =学员姓名!B22 -> 学生 21 | X1: =学员姓名!B23 -> 学生 22 | Y1: =学员姓名!B24 -> 学生 23 | Z1: =学员姓名!B25 -> 学生 24
A2: 评估项目 | B2: 可得分数
A3: CS1. 学员能将干扰降到最低。 | B3: 8 | C3: 8 | D3: 8 | E3: 8 | F3: 8 | G3: 8 | H3: 8 | I3: 8 | J3: 8 | K3: 8 | L3: 8 | M3: 8 | N3: 8 | O3: 8 | P3: 8 | Q3: 8 | R3: 8 | S3: 8 | T3: 8 | U3: 8 | V3: 8 | W3: 8 | X3: 8 | Y3: 8 | Z3: 8
A4: CS2. 学员能对每杯样本稳定地进行破渣。 | B4: 10 | C4: 10 | D4: 10 | E4: 10 | F4: 10 | G4: 10 | H4: 10 | I4: 10 | J4: 10 | K4: 10 | L4: 10 | M4: 10 | N4: 10 | O4: 10 | P4: 10 | Q4: 10 | R4: 10 | S4: 10 | T4: 10 | U4: 10 | V4: 10 | W4: 10 | X4: 10 | Y4: 10 | Z4: 10
A5: CS3. 学员在接触任何杯中的咖啡液前，能确实清洁汤匙。 | B5: 12 | C5: 12 | D5: 12 | E5: 12 | F5: 12 | G5: 12 | H5: 12 | I5: 12 | J5: 12 | K5: 12 | L5: 12 | M5: 12 | N5: 12 | O5: 12 | P5: 12 | Q5: 12 | R5: 12 | S5: 12 | T5: 12 | U5: 12 | V5: 12 | W5: 12 | X5: 12 | Y5: 12 | Z5: 12
A6: CS4. 学员能避免任何可能造成杯测样本汙染的行为。 | B6: 12 | C6: 12 | D6: 12 | E6: 12 | F6: 12 | G6: 12 | H6: 12 | I6: 12 | J6: 12 | K6: 12 | L6: 12 | M6: 12 | N6: 12 | O6: 12 | P6: 12 | Q6: 12 | R6: 12 | S6: 12 | T6: 12 | U6: 12 | V6: 12 | W6: 12 | X6: 12 | Y6: 12 | Z6: 12
A7: CS5. 学员会等前一位杯测者完成样品评估并离开后，才进行自己的评估。 | B7: 8 | C7: 8 | D7: 8 | E7: 8 | F7: 8 | G7: 8 | H7: 8 | I7: 8 | J7: 8 | K7: 8 | L7: 8 | M7: 8 | N7: 8 | O7: 8 | P7: 8 | Q7: 8 | R7: 8 | S7: 8 | T7: 8 | U7: 8 | V7: 8 | W7: 8 | X7: 8 | Y7: 8 | Z7: 8
A8: 总计 | B8: 50 | C8: =SUM(C3:C7) -> 50 | D8: =SUM(D3:D7) -> 50 | E8: =SUM(E3:E7) -> 50 | F8: =SUM(F3:F7) -> 50 | G8: =SUM(G3:G7) -> 50 | H8: =SUM(H3:H7) -> 50 | I8: =SUM(I3:I7) -> 50 | J8: =SUM(J3:J7) -> 50 | ... Z8: =SUM(Z3:Z7) -> 50
A9: 及格分数 | B9: 40 | C9: =IF(C8>=$B$9,"通过","未通过") -> 通过 | D9: =IF(D8>=$B$9,"通过","未通过") -> 通过 | E9: =IF(E8>=$B$9,"通过","未通过") -> 通过 | F9: =IF(F8>=$B$9,"通过","未通过") -> 通过 | G9: =IF(G8>=$B$9,"通过","未通过") -> 通过 | H9: =IF(H8>=$B$9,"通过","未通过") -> 通过 | I9: =IF(I8>=$B$9,"通过","未通过") -> 通过 | J9: =IF(J8>=$B$9,"通过","未通过") -> 通过 | ... Z9: =IF(Z8>=$B$9,"通过","未通过") -> 通过

Sheet 杯测技能 (2)
A1: 杯测技能 (第二次作答) | C1: =学员姓名!B2 -> 学生 1 | D1: =学员姓名!B3 -> 学生 2 | E1: =学员姓名!B4 -> 学生 3 | F1: =学员姓名!B5 -> 学生 4 | G1: =学员姓名!B6 -> 学生 5 | H1: =学员姓名!B7 -> 学生 6 | I1: =学员姓名!B8 -> 学生 7 | J1: =学员姓名!B9 -> 学生 8 | K1: =学员姓名!B10 -> 学生 9 | L1: =学员姓名!B11 -> 学生 10 | M1: =学员姓名!B12 -> 学生 11 | N1: =学员姓名!B13 -> 学生 12 | O1: =学员姓名!B14 -> 学生 13 | P1: =学员姓名!B15 -> 学生 14 | Q1: =学员姓名!B16 -> 学生 15 | R1: =学员姓名!B17 -> 学生 16 | S1: =学员姓名!B18 -> 学生 17 | T1: =学员姓名!B19 -> 学生 18 | U1: =学员姓名!B20 -> 学生 19 | V1: =学员姓名!B21 -> 学生 20 | W1: =学员姓名!B22 -> 学生 21 | X1: =学员姓名!B23 -> 学生 22 | Y1: =学员姓名!B24 -> 学生 23 | Z1: =学员姓名!B25 -> 学生 24
A2: 评估项目 | B2: 可得分数
A3: CS1. 学员能将干扰降到最低。 | B3: 8 | C3: 8 | D3: 8 | E3: 8 | F3: 8 | G3: 8 | H3: 8 | I3: 8 | J3: 8 | K3: 8 | L3: 8 | M3: 8 | N3: 8 | O3: 8 | P3: 8 | Q3: 8 | R3: 8 | S3: 8 | T3: 8 | U3: 8 | V3: 8 | W3: 8 | X3: 8 | Y3: 8 | Z3: 8
A4: CS2. 学员能对每杯样本稳定地进行破渣。 | B4: 10 | C4: 10 | D4: 10 | E4: 10 | F4: 10 | G4: 10 | H4: 10 | I4: 10 | J4: 10 | K4: 10 | L4: 10 | M4: 10 | N4: 10 | O4: 10 | P4: 10 | Q4: 10 | R4: 10 | S4: 10 | T4: 10 | U4: 10 | V4: 10 | W4: 10 | X4: 10 | Y4: 10 | Z4: 10
A5: CS3. 学员在接触任何杯中的咖啡液前，能确实清洁汤匙。 | B5: 12 | C5: 12 | D5: 12 | E5: 12 | F5: 12 | G5: 12 | H5: 12 | I5: 12 | J5: 12 | K5: 12 | L5: 12 | M5: 12 | N5: 12 | O5: 12 | P5: 12 | Q5: 12 | R5: 12 | S5: 12 | T5: 12 | U5: 12 | V5: 12 | W5: 12 | X5: 12 | Y5: 12 | Z5: 12
A6: CS4. 学员能避免任何可能造成杯测样本汙染的行为。 | B6: 12 | C6: 12 | D6: 12 | E6: 12 | F6: 12 | G6: 12 | H6: 12 | I6: 12 | J6: 12 | K6: 12 | L6: 12 | M6: 12 | N6: 12 | O6: 12 | P6: 12 | Q6: 12 | R6: 12 | S6: 12 | T6: 12 | U6: 12 | V6: 12 | W6: 12 | X6: 12 | Y6: 12 | Z6: 12
A7: CS5. 学员会等前一位杯测者完成样品评估并离开后，才进行自己的评估。 | B7: 8 | C7: 8 | D7: 8 | E7: 8 | F7: 8 | G7: 8 | H7: 8 | I7: 8 | J7: 8 | K7: 8 | L7: 8 | M7: 8 | N7: 8 | O7: 8 | P7: 8 | Q7: 8 | R7: 8 | S7: 8 | T7: 8 | U7: 8 | V7: 8 | W7: 8 | X7: 8 | Y7: 8 | Z7: 8
A8: 总计 | B8: 50 | C8: =SUM(C3:C7) -> 50 | D8: =SUM(D3:D7) -> 50 | E8: =SUM(E3:E7) -> 50 | F8: =SUM(F3:F7) -> 50 | G8: =SUM(G3:G7) -> 50 | H8: =SUM(H3:H7) -> 50 | I8: =SUM(I3:I7) -> 50 | J8: =SUM(J3:J7) -> 50 | ... Z8: =SUM(Z3:Z7) -> 50
A9: 及格分数 | B9: 40 | C9: =IF(C8>=$B$9,"通过","未通过／未参加") -> 通过 | D9: =IF(D8>=$B$9,"通过","未通过／未参加") -> 通过 | E9: =IF(E8>=$B$9,"通过","未通过／未参加") -> 通过 | F9: =IF(F8>=$B$9,"通过","未通过／未参加") -> 通过 | G9: =IF(G8>=$B$9,"通过","未通过／未参加") -> 通过 | H9: =IF(H8>=$B$9,"通过","未通过／未参加") -> 通过 | I9: =IF(I8>=$B$9,"通过","未通过／未参加") -> 通过 | J9: =IF(J8>=$B$9,"通过","未通过／未参加") -> 通过 | ... Z9: =IF(Z8>=$B$9,"通过","未通过／未参加") -> 通过

Sheet 物理性评估 (1)
A1: 物理性评估 (第一次作答) | C1: =学员姓名!B2 -> 学生 1 | D1: =学员姓名!B3 -> 学生 2 | E1: =学员姓名!B4 -> 学生 3 | F1: =学员姓名!B5 -> 学生 4 | G1: =学员姓名!B6 -> 学生 5 | H1: =学员姓名!B7 -> 学生 6 | I1: =学员姓名!B8 -> 学生 7 | J1: =学员姓名!B9 -> 学生 8 | K1: =学员姓名!B10 -> 学生 9 | L1: =学员姓名!B11 -> 学生 10 | M1: =学员姓名!B12 -> 学生 11 | N1: =学员姓名!B13 -> 学生 12 | O1: =学员姓名!B14 -> 学生 13 | P1: =学员姓名!B15 -> 学生 14 | Q1: =学员姓名!B16 -> 学生 15 | R1: =学员姓名!B17 -> 学生 16 | S1: =学员姓名!B18 -> 学生 17 | T1: =学员姓名!B19 -> 学生 18 | U1: =学员姓名!B20 -> 学生 19 | V1: =学员姓名!B21 -> 学生 20 | W1: =学员姓名!B22 -> 学生 21 | X1: =学员姓名!B23 -> 学生 22 | Y1: =学员姓名!B24 -> 学生 23 | Z1: =学员姓名!B25 -> 学生 24
A2: 评估项目 | B2: 可得分数
A3: PA1. 学员完整填写了物理性评估表。 | B3: 2
A4: PA2. 学员正确判断了样本的颜色。 | B4: 8
A5: PA3. 学员正确辨识了样本中的所有第一类瑕疵。 | B5: 12
A6: PA4. 学员正确辨识了样本中的所有第二类瑕疵。 | B6: 8
A7: PA5. 学员正确计算了样本中的生豆瑕疵总数。 | B7: 4
A8: PA6. 学员准确测量了含水率百分比。 | B8: 8
A9: PA7. 学员正确标示了样品中各生豆尺寸的重量与比例。 | B9: 8
A10: 总计 | B10: 50 | C10: =SUM(C3:C9) -> 0 | D10: =SUM(D3:D9) -> 0 | E10: =SUM(E3:E9) -> 0 | F10: =SUM(F3:F9) -> 0 | G10: =SUM(G3:G9) -> 0 | H10: =SUM(H3:H9) -> 0 | I10: =SUM(I3:I9) -> 0 | J10: =SUM(J3:J9) -> 0 | ... Z10: =SUM(Z3:Z9) -> 0
A11: 及格分数 | B11: 40 | C11: =IF(C10>=$B$11,"通过","未通过／未参加") -> 未通过／未参加 | D11: =IF(D10>=$B$11,"通过","未通过／未参加") -> 未通过／未参加 | E11: =IF(E10>=$B$11,"通过","未通过／未参加") -> 未通过／未参加 | F11: =IF(F10>=$B$11,"通过","未通过／未参加") -> 未通过／未参加 | G11: =IF(G10>=$B$11,"通过","未通过／未参加") -> 未通过／未参加 | H11: =IF(H10>=$B$11,"通过","未通过／未参加") -> 未通过／未参加 | I11: =IF(I10>=$B$11,"通过","未通过／未参加") -> 未通过／未参加 | J11: =IF(J10>=$B$11,"通过","未通过／未参加") -> 未通过／未参加 | ... Z11: =IF(Z10>=$B$11,"通过","未通过／未参加") -> 未通过／未参加

Sheet 物理性评估 (2)
A1: 物理性评估 (第二次作答) | C1: =学员姓名!B2 -> 学生 1 | D1: =学员姓名!B3 -> 学生 2 | E1: =学员姓名!B4 -> 学生 3 | F1: =学员姓名!B5 -> 学生 4 | G1: =学员姓名!B6 -> 学生 5 | H1: =学员姓名!B7 -> 学生 6 | I1: =学员姓名!B8 -> 学生 7 | J1: =学员姓名!B9 -> 学生 8 | K1: =学员姓名!B10 -> 学生 9 | L1: =学员姓名!B11 -> 学生 10 | M1: =学员姓名!B12 -> 学生 11 | N1: =学员姓名!B13 -> 学生 12 | O1: =学员姓名!B14 -> 学生 13 | P1: =学员姓名!B15 -> 学生 14 | Q1: =学员姓名!B16 -> 学生 15 | R1: =学员姓名!B17 -> 学生 16 | S1: =学员姓名!B18 -> 学生 17 | T1: =学员姓名!B19 -> 学生 18 | U1: =学员姓名!B20 -> 学生 19 | V1: =学员姓名!B21 -> 学生 20 | W1: =学员姓名!B22 -> 学生 21 | X1: =学员姓名!B23 -> 学生 22 | Y1: =学员姓名!B24 -> 学生 23 | Z1: =学员姓名!B25 -> 学生 24
A2: 评估项目 | B2: 可得分数
A3: PA1. 学员完整填写了物理性评估表。 | B3: 2
A4: PA2. 学员正确判断了样本的颜色。 | B4: 8
A5: PA3. 学员正确辨识了样本中的所有第一类瑕疵。 | B5: 12
A6: PA4. 学员正确辨识了样本中的所有第二类瑕疵。 | B6: 8
A7: PA5. 学员正确计算了样本中的生豆瑕疵总数。 | B7: 4
A8: PA6. 学员准确测量了含水率百分比。 | B8: 8
A9: PA7. 学员正确标示了样品中各生豆尺寸的重量与比例。 | B9: 8
A10: 总计 | B10: 50 | C10: =SUM(C3:C9) -> 0 | D10: =SUM(D3:D9) -> 0 | E10: =SUM(E3:E9) -> 0 | F10: =SUM(F3:F9) -> 0 | G10: =SUM(G3:G9) -> 0 | H10: =SUM(H3:H9) -> 0 | I10: =SUM(I3:I9) -> 0 | J10: =SUM(J3:J9) -> 0 | ... Z10: =SUM(Z3:Z9) -> 0
A11: 及格分数 | B11: 40 | C11: =IF(C10>=$B$11,"通过","未通过／未参加") -> 未通过／未参加 | D11: =IF(D10>=$B$11,"通过","未通过／未参加") -> 未通过／未参加 | E11: =IF(E10>=$B$11,"通过","未通过／未参加") -> 未通过／未参加 | F11: =IF(F10>=$B$11,"通过","未通过／未参加") -> 未通过／未参加 | G11: =IF(G10>=$B$11,"通过","未通过／未参加") -> 未通过／未参加 | H11: =IF(H10>=$B$11,"通过","未通过／未参加") -> 未通过／未参加 | I11: =IF(I10>=$B$11,"通过","未通过／未参加") -> 未通过／未参加 | J11: =IF(J10>=$B$11,"通过","未通过／未参加") -> 未通过／未参加 | ... Z11: =IF(Z10>=$B$11,"通过","未通过／未参加") -> 未通过／未参加

Sheet 嗅觉样品分类 (1)
A1: 嗅觉样品分类 (第一次作答) | C1: =学员姓名!B2 -> 学生 1 | D1: =学员姓名!B3 -> 学生 2 | E1: =学员姓名!B4 -> 学生 3 | F1: =学员姓名!B5 -> 学生 4 | G1: =学员姓名!B6 -> 学生 5 | H1: =学员姓名!B7 -> 学生 6 | I1: =学员姓名!B8 -> 学生 7 | J1: =学员姓名!B9 -> 学生 8 | K1: =学员姓名!B10 -> 学生 9 | L1: =学员姓名!B11 -> 学生 10 | M1: =学员姓名!B12 -> 学生 11 | N1: =学员姓名!B13 -> 学生 12 | O1: =学员姓名!B14 -> 学生 13 | P1: =学员姓名!B15 -> 学生 14 | Q1: =学员姓名!B16 -> 学生 15 | R1: =学员姓名!B17 -> 学生 16 | S1: =学员姓名!B18 -> 学生 17 | T1: =学员姓名!B19 -> 学生 18 | U1: =学员姓名!B20 -> 学生 19 | V1: =学员姓名!B21 -> 学生 20 | W1: =学员姓名!B22 -> 学生 21 | X1: =学员姓名!B23 -> 学生 22 | Y1: =学员姓名!B24 -> 学生 23 | Z1: =学员姓名!B25 -> 学生 24
B2: 可得分数
A3: 总计 | B3: 10
A4: 及格分数 | B4: 8 | C4: =IF(C3>=$B$4,"通过","未通过／未参加") -> 未通过／未参加 | D4: =IF(D3>=$B$4,"通过","未通过／未参加") -> 未通过／未参加 | E4: =IF(E3>=$B$4,"通过","未通过／未参加") -> 未通过／未参加 | F4: =IF(F3>=$B$4,"通过","未通过／未参加") -> 未通过／未参加 | G4: =IF(G3>=$B$4,"通过","未通过／未参加") -> 未通过／未参加 | H4: =IF(H3>=$B$4,"通过","未通过／未参加") -> 未通过／未参加 | I4: =IF(I3>=$B$4,"通过","未通过／未参加") -> 未通过／未参加 | J4: =IF(J3>=$B$4,"通过","未通过／未参加") -> 未通过／未参加 | ... Z4: =IF(Z3>=$B$4,"通过","未通过／未参加") -> 未通过／未参加

Sheet 嗅觉样品分类 (2)
A1: 嗅觉样品分类 (第二次作答) | C1: =学员姓名!B2 -> 学生 1 | D1: =学员姓名!B3 -> 学生 2 | E1: =学员姓名!B4 -> 学生 3 | F1: =学员姓名!B5 -> 学生 4 | G1: =学员姓名!B6 -> 学生 5 | H1: =学员姓名!B7 -> 学生 6 | I1: =学员姓名!B8 -> 学生 7 | J1: =学员姓名!B9 -> 学生 8 | K1: =学员姓名!B10 -> 学生 9 | L1: =学员姓名!B11 -> 学生 10 | M1: =学员姓名!B12 -> 学生 11 | N1: =学员姓名!B13 -> 学生 12 | O1: =学员姓名!B14 -> 学生 13 | P1: =学员姓名!B15 -> 学生 14 | Q1: =学员姓名!B16 -> 学生 15 | R1: =学员姓名!B17 -> 学生 16 | S1: =学员姓名!B18 -> 学生 17 | T1: =学员姓名!B19 -> 学生 18 | U1: =学员姓名!B20 -> 学生 19 | V1: =学员姓名!B21 -> 学生 20 | W1: =学员姓名!B22 -> 学生 21 | X1: =学员姓名!B23 -> 学生 22 | Y1: =学员姓名!B24 -> 学生 23 | Z1: =学员姓名!B25 -> 学生 24
B2: 可得分数
A3: 总计 | B3: 10
A4: 及格分数 | B4: 8 | C4: =IF(C3>=$B$4,"通过","未通过／未参加") -> 未通过／未参加 | D4: =IF(D3>=$B$4,"通过","未通过／未参加") -> 未通过／未参加 | E4: =IF(E3>=$B$4,"通过","未通过／未参加") -> 未通过／未参加 | F4: =IF(F3>=$B$4,"通过","未通过／未参加") -> 未通过／未参加 | G4: =IF(G3>=$B$4,"通过","未通过／未参加") -> 未通过／未参加 | H4: =IF(H3>=$B$4,"通过","未通过／未参加") -> 未通过／未参加 | I4: =IF(I3>=$B$4,"通过","未通过／未参加") -> 未通过／未参加 | J4: =IF(J3>=$B$4,"通过","未通过／未参加") -> 未通过／未参加 | ... Z4: =IF(Z3>=$B$4,"通过","未通过／未参加") -> 未通过／未参加

Sheet 描述性评估 (1)
A1: 描述性评估 (第一次作答) | C1: =学员姓名!B2 -> 学生 1 | D1: =学员姓名!B3 -> 学生 2 | E1: =学员姓名!B4 -> 学生 3 | F1: =学员姓名!B5 -> 学生 4 | G1: =学员姓名!B6 -> 学生 5 | H1: =学员姓名!B7 -> 学生 6 | I1: =学员姓名!B8 -> 学生 7 | J1: =学员姓名!B9 -> 学生 8 | K1: =学员姓名!B10 -> 学生 9 | L1: =学员姓名!B11 -> 学生 10 | M1: =学员姓名!B12 -> 学生 11 | N1: =学员姓名!B13 -> 学生 12 | O1: =学员姓名!B14 -> 学生 13 | P1: =学员姓名!B15 -> 学生 14 | Q1: =学员姓名!B16 -> 学生 15 | R1: =学员姓名!B17 -> 学生 16 | S1: =学员姓名!B18 -> 学生 17 | T1: =学员姓名!B19 -> 学生 18 | U1: =学员姓名!B20 -> 学生 19 | V1: =学员姓名!B21 -> 学生 20 | W1: =学员姓名!B22 -> 学生 21 | X1: =学员姓名!B23 -> 学生 22 | Y1: =学员姓名!B24 -> 学生 23 | Z1: =学员姓名!B25 -> 学生 24
A2: 评估项目 | B2: 可得分数
A3: DA1. 学员完整填写了所有描述性评估表。 | B3: 6
A4: DA2. 学员撰写的笔记内容符合描述性评估。 | B4: 8
A5: DA3. 学员的强度评分在多次评估中准确且保持一致。 | B5: 18
A6: DA4. 学员的 CATA选择在多次评估中准确且保持一致。 | B6: 18
A7: 总计 | B7: 50 | C7: =SUM(C3:C6) -> 0 | D7: =SUM(D3:D6) -> 0 | E7: =SUM(E3:E6) -> 0 | F7: =SUM(F3:F6) -> 0 | G7: =SUM(G3:G6) -> 0 | H7: =SUM(H3:H6) -> 0 | I7: =SUM(I3:I6) -> 0 | J7: =SUM(J3:J6) -> 0 | ... Z7: =SUM(Z3:Z6) -> 0
A8: 及格分数 | B8: 40 | C8: =IF(C7>=$B$8,"通过","未通过／未参加") -> 未通过／未参加 | D8: =IF(D7>=$B$8,"通过","未通过／未参加") -> 未通过／未参加 | E8: =IF(E7>=$B$8,"通过","未通过／未参加") -> 未通过／未参加 | F8: =IF(F7>=$B$8,"通过","未通过／未参加") -> 未通过／未参加 | G8: =IF(G7>=$B$8,"通过","未通过／未参加") -> 未通过／未参加 | H8: =IF(H7>=$B$8,"通过","未通过／未参加") -> 未通过／未参加 | I8: =IF(I7>=$B$8,"通过","未通过／未参加") -> 未通过／未参加 | J8: =IF(J7>=$B$8,"通过","未通过／未参加") -> 未通过／未参加 | ... Z8: =IF(Z7>=$B$8,"通过","未通过／未参加") -> 未通过／未参加

Sheet 描述性评估 (2)
A1: 描述性评估 (第二次作答) | C1: =学员姓名!B2 -> 学生 1 | D1: =学员姓名!B3 -> 学生 2 | E1: =学员姓名!B4 -> 学生 3 | F1: =学员姓名!B5 -> 学生 4 | G1: =学员姓名!B6 -> 学生 5 | H1: =学员姓名!B7 -> 学生 6 | I1: =学员姓名!B8 -> 学生 7 | J1: =学员姓名!B9 -> 学生 8 | K1: =学员姓名!B10 -> 学生 9 | L1: =学员姓名!B11 -> 学生 10 | M1: =学员姓名!B12 -> 学生 11 | N1: =学员姓名!B13 -> 学生 12 | O1: =学员姓名!B14 -> 学生 13 | P1: =学员姓名!B15 -> 学生 14 | Q1: =学员姓名!B16 -> 学生 15 | R1: =学员姓名!B17 -> 学生 16 | S1: =学员姓名!B18 -> 学生 17 | T1: =学员姓名!B19 -> 学生 18 | U1: =学员姓名!B20 -> 学生 19 | V1: =学员姓名!B21 -> 学生 20 | W1: =学员姓名!B22 -> 学生 21 | X1: =学员姓名!B23 -> 学生 22 | Y1: =学员姓名!B24 -> 学生 23 | Z1: =学员姓名!B25 -> 学生 24
A2: 评估项目 | B2: 可得分数
A3: DA1. 学员完整填写了所有描述性评估表。 | B3: 6
A4: DA2. 学员撰写的笔记内容符合描述性评估。 | B4: 8
A5: DA3. 学员的强度评分在多次评估中准确且保持一致。 | B5: 18
A6: DA4. 学员的 CATA选择在多次评估中准确且保持一致。 | B6: 18
A7: 总计 | B7: 50 | C7: =SUM(C3:C6) -> 0 | D7: =SUM(D3:D6) -> 0 | E7: =SUM(E3:E6) -> 0 | F7: =SUM(F3:F6) -> 0 | G7: =SUM(G3:G6) -> 0 | H7: =SUM(H3:H6) -> 0 | I7: =SUM(I3:I6) -> 0 | J7: =SUM(J3:J6) -> 0 | ... Z7: =SUM(Z3:Z6) -> 0
A8: 及格分数 | B8: 40 | C8: =IF(C7>=$B$8,"通过","未通过／未参加") -> 未通过／未参加 | D8: =IF(D7>=$B$8,"通过","未通过／未参加") -> 未通过／未参加 | E8: =IF(E7>=$B$8,"通过","未通过／未参加") -> 未通过／未参加 | F8: =IF(F7>=$B$8,"通过","未通过／未参加") -> 未通过／未参加 | G8: =IF(G7>=$B$8,"通过","未通过／未参加") -> 未通过／未参加 | H8: =IF(H7>=$B$8,"通过","未通过／未参加") -> 未通过／未参加 | I8: =IF(I7>=$B$8,"通过","未通过／未参加") -> 未通过／未参加 | J8: =IF(J7>=$B$8,"通过","未通过／未参加") -> 未通过／未参加 | ... Z8: =IF(Z7>=$B$8,"通过","未通过／未参加") -> 未通过／未参加

Sheet 三角杯测 (1)
A1: 三角杯测 (第一次作答) | C1: =学员姓名!B2 -> 学生 1 | D1: =学员姓名!B3 -> 学生 2 | E1: =学员姓名!B4 -> 学生 3 | F1: =学员姓名!B5 -> 学生 4 | G1: =学员姓名!B6 -> 学生 5 | H1: =学员姓名!B7 -> 学生 6 | I1: =学员姓名!B8 -> 学生 7 | J1: =学员姓名!B9 -> 学生 8 | K1: =学员姓名!B10 -> 学生 9 | L1: =学员姓名!B11 -> 学生 10 | M1: =学员姓名!B12 -> 学生 11 | N1: =学员姓名!B13 -> 学生 12 | O1: =学员姓名!B14 -> 学生 13 | P1: =学员姓名!B15 -> 学生 14 | Q1: =学员姓名!B16 -> 学生 15 | R1: =学员姓名!B17 -> 学生 16 | S1: =学员姓名!B18 -> 学生 17 | T1: =学员姓名!B19 -> 学生 18 | U1: =学员姓名!B20 -> 学生 19 | V1: =学员姓名!B21 -> 学生 20 | W1: =学员姓名!B22 -> 学生 21 | X1: =学员姓名!B23 -> 学生 22 | Y1: =学员姓名!B24 -> 学生 23 | Z1: =学员姓名!B25 -> 学生 24
B2: 可得分数
A3: 总计 | B3: 6
A4: 及格分数 | B4: 5 | C4: =IF(C3>=$B$4,"通过","未通过／未参加") -> 未通过／未参加 | D4: =IF(D3>=$B$4,"通过","未通过／未参加") -> 未通过／未参加 | E4: =IF(E3>=$B$4,"通过","未通过／未参加") -> 未通过／未参加 | F4: =IF(F3>=$B$4,"通过","未通过／未参加") -> 未通过／未参加 | G4: =IF(G3>=$B$4,"通过","未通过／未参加") -> 未通过／未参加 | H4: =IF(H3>=$B$4,"通过","未通过／未参加") -> 未通过／未参加 | I4: =IF(I3>=$B$4,"通过","未通过／未参加") -> 未通过／未参加 | J4: =IF(J3>=$B$4,"通过","未通过／未参加") -> 未通过／未参加 | ... Z4: =IF(Z3>=$B$4,"通过","未通过／未参加") -> 未通过／未参加

Sheet 三角杯测 (2)
A1: 三角杯测 (第二次作答) | C1: =学员姓名!B2 -> 学生 1 | D1: =学员姓名!B3 -> 学生 2 | E1: =学员姓名!B4 -> 学生 3 | F1: =学员姓名!B5 -> 学生 4 | G1: =学员姓名!B6 -> 学生 5 | H1: =学员姓名!B7 -> 学生 6 | I1: =学员姓名!B8 -> 学生 7 | J1: =学员姓名!B9 -> 学生 8 | K1: =学员姓名!B10 -> 学生 9 | L1: =学员姓名!B11 -> 学生 10 | M1: =学员姓名!B12 -> 学生 11 | N1: =学员姓名!B13 -> 学生 12 | O1: =学员姓名!B14 -> 学生 13 | P1: =学员姓名!B15 -> 学生 14 | Q1: =学员姓名!B16 -> 学生 15 | R1: =学员姓名!B17 -> 学生 16 | S1: =学员姓名!B18 -> 学生 17 | T1: =学员姓名!B19 -> 学生 18 | U1: =学员姓名!B20 -> 学生 19 | V1: =学员姓名!B21 -> 学生 20 | W1: =学员姓名!B22 -> 学生 21 | X1: =学员姓名!B23 -> 学生 22 | Y1: =学员姓名!B24 -> 学生 23 | Z1: =学员姓名!B25 -> 学生 24
B2: 可得分数
A3: 总计 | B3: 6
A4: 及格分数 | B4: 5 | C4: =IF(C3>=$B$4,"通过","未通过／未参加") -> 未通过／未参加 | D4: =IF(D3>=$B$4,"通过","未通过／未参加") -> 未通过／未参加 | E4: =IF(E3>=$B$4,"通过","未通过／未参加") -> 未通过／未参加 | F4: =IF(F3>=$B$4,"通过","未通过／未参加") -> 未通过／未参加 | G4: =IF(G3>=$B$4,"通过","未通过／未参加") -> 未通过／未参加 | H4: =IF(H3>=$B$4,"通过","未通过／未参加") -> 未通过／未参加 | I4: =IF(I3>=$B$4,"通过","未通过／未参加") -> 未通过／未参加 | J4: =IF(J3>=$B$4,"通过","未通过／未参加") -> 未通过／未参加 | ... Z4: =IF(Z3>=$B$4,"通过","未通过／未参加") -> 未通过／未参加

Sheet 烘焙问题 (1)
A1: 烘焙问题 (第一次作答) | C1: =学员姓名!B2 -> 学生 1 | D1: =学员姓名!B3 -> 学生 2 | E1: =学员姓名!B4 -> 学生 3 | F1: =学员姓名!B5 -> 学生 4 | G1: =学员姓名!B6 -> 学生 5 | H1: =学员姓名!B7 -> 学生 6 | I1: =学员姓名!B8 -> 学生 7 | J1: =学员姓名!B9 -> 学生 8 | K1: =学员姓名!B10 -> 学生 9 | L1: =学员姓名!B11 -> 学生 10 | M1: =学员姓名!B12 -> 学生 11 | N1: =学员姓名!B13 -> 学生 12 | O1: =学员姓名!B14 -> 学生 13 | P1: =学员姓名!B15 -> 学生 14 | Q1: =学员姓名!B16 -> 学生 15 | R1: =学员姓名!B17 -> 学生 16 | S1: =学员姓名!B18 -> 学生 17 | T1: =学员姓名!B19 -> 学生 18 | U1: =学员姓名!B20 -> 学生 19 | V1: =学员姓名!B21 -> 学生 20 | W1: =学员姓名!B22 -> 学生 21 | X1: =学员姓名!B23 -> 学生 22 | Y1: =学员姓名!B24 -> 学生 23 | Z1: =学员姓名!B25 -> 学生 24
B2: 可得分数
A3: 总计 | B3: 50
A4: 及格分数 | B4: 40 | C4: =IF(C3>=$B$4,"通过","未通过／未参加") -> 未通过／未参加 | D4: =IF(D3>=$B$4,"通过","未通过／未参加") -> 未通过／未参加 | E4: =IF(E3>=$B$4,"通过","未通过／未参加") -> 未通过／未参加 | F4: =IF(F3>=$B$4,"通过","未通过／未参加") -> 未通过／未参加 | G4: =IF(G3>=$B$4,"通过","未通过／未参加") -> 未通过／未参加 | H4: =IF(H3>=$B$4,"通过","未通过／未参加") -> 未通过／未参加 | I4: =IF(I3>=$B$4,"通过","未通过／未参加") -> 未通过／未参加 | J4: =IF(J3>=$B$4,"通过","未通过／未参加") -> 未通过／未参加 | ... Z4: =IF(Z3>=$B$4,"通过","未通过／未参加") -> 未通过／未参加

Sheet 烘焙问题 (2)
A1: 烘焙问题 (第二次作答) | C1: =学员姓名!B2 -> 学生 1 | D1: =学员姓名!B3 -> 学生 2 | E1: =学员姓名!B4 -> 学生 3 | F1: =学员姓名!B5 -> 学生 4 | G1: =学员姓名!B6 -> 学生 5 | H1: =学员姓名!B7 -> 学生 6 | I1: =学员姓名!B8 -> 学生 7 | J1: =学员姓名!B9 -> 学生 8 | K1: =学员姓名!B10 -> 学生 9 | L1: =学员姓名!B11 -> 学生 10 | M1: =学员姓名!B12 -> 学生 11 | N1: =学员姓名!B13 -> 学生 12 | O1: =学员姓名!B14 -> 学生 13 | P1: =学员姓名!B15 -> 学生 14 | Q1: =学员姓名!B16 -> 学生 15 | R1: =学员姓名!B17 -> 学生 16 | S1: =学员姓名!B18 -> 学生 17 | T1: =学员姓名!B19 -> 学生 18 | U1: =学员姓名!B20 -> 学生 19 | V1: =学员姓名!B21 -> 学生 20 | W1: =学员姓名!B22 -> 学生 21 | X1: =学员姓名!B23 -> 学生 22 | Y1: =学员姓名!B24 -> 学生 23 | Z1: =学员姓名!B25 -> 学生 24
B2: 可得分数
A3: 总计 | B3: 50
A4: 及格分数 | B4: 40 | C4: =IF(C3>=$B$4,"通过","未通过／未参加") -> 未通过／未参加 | D4: =IF(D3>=$B$4,"通过","未通过／未参加") -> 未通过／未参加 | E4: =IF(E3>=$B$4,"通过","未通过／未参加") -> 未通过／未参加 | F4: =IF(F3>=$B$4,"通过","未通过／未参加") -> 未通过／未参加 | G4: =IF(G3>=$B$4,"通过","未通过／未参加") -> 未通过／未参加 | H4: =IF(H3>=$B$4,"通过","未通过／未参加") -> 未通过／未参加 | I4: =IF(I3>=$B$4,"通过","未通过／未参加") -> 未通过／未参加 | J4: =IF(J3>=$B$4,"通过","未通过／未参加") -> 未通过／未参加 | ... Z4: =IF(Z3>=$B$4,"通过","未通过／未参加") -> 未通过／未参加

Sheet 基本味觉 (1)
A1: 基本味觉 (第一次作答) | C1: =学员姓名!B2 -> 学生 1 | D1: =学员姓名!B3 -> 学生 2 | E1: =学员姓名!B4 -> 学生 3 | F1: =学员姓名!B5 -> 学生 4 | G1: =学员姓名!B6 -> 学生 5 | H1: =学员姓名!B7 -> 学生 6 | I1: =学员姓名!B8 -> 学生 7 | J1: =学员姓名!B9 -> 学生 8 | K1: =学员姓名!B10 -> 学生 9 | L1: =学员姓名!B11 -> 学生 10 | M1: =学员姓名!B12 -> 学生 11 | N1: =学员姓名!B13 -> 学生 12 | O1: =学员姓名!B14 -> 学生 13 | P1: =学员姓名!B15 -> 学生 14 | Q1: =学员姓名!B16 -> 学生 15 | R1: =学员姓名!B17 -> 学生 16 | S1: =学员姓名!B18 -> 学生 17 | T1: =学员姓名!B19 -> 学生 18 | U1: =学员姓名!B20 -> 学生 19 | V1: =学员姓名!B21 -> 学生 20 | W1: =学员姓名!B22 -> 学生 21 | X1: =学员姓名!B23 -> 学生 22 | Y1: =学员姓名!B24 -> 学生 23 | Z1: =学员姓名!B25 -> 学生 24
B2: 可得分数
A3: 第一部分 | B3: 18
A4: 第二部分 | B4: 32
A5: 总计 | B5: 50 | C5: =SUM(C3:C4) -> 0 | D5: =SUM(D3:D4) -> 0 | E5: =SUM(E3:E4) -> 0 | F5: =SUM(F3:F4) -> 0 | G5: =SUM(G3:G4) -> 0 | H5: =SUM(H3:H4) -> 0 | I5: =SUM(I3:I4) -> 0 | J5: =SUM(J3:J4) -> 0 | ... Z5: =SUM(Z3:Z4) -> 0
A6: 及格分数 | B6: 40 | C6: =IF(C5>=$B$6,"通过","未通过／未参加") -> 未通过／未参加 | D6: =IF(D5>=$B$6,"通过","未通过／未参加") -> 未通过／未参加 | E6: =IF(E5>=$B$6,"通过","未通过／未参加") -> 未通过／未参加 | F6: =IF(F5>=$B$6,"通过","未通过／未参加") -> 未通过／未参加 | G6: =IF(G5>=$B$6,"通过","未通过／未参加") -> 未通过／未参加 | H6: =IF(H5>=$B$6,"通过","未通过／未参加") -> 未通过／未参加 | I6: =IF(I5>=$B$6,"通过","未通过／未参加") -> 未通过／未参加 | J6: =IF(J5>=$B$6,"通过","未通过／未参加") -> 未通过／未参加 | ... Z6: =IF(Z5>=$B$6,"通过","未通过／未参加") -> 未通过／未参加

Sheet 基本味觉 (2)
A1: 基本味觉 (第二次作答) | C1: =学员姓名!B2 -> 学生 1 | D1: =学员姓名!B3 -> 学生 2 | E1: =学员姓名!B4 -> 学生 3 | F1: =学员姓名!B5 -> 学生 4 | G1: =学员姓名!B6 -> 学生 5 | H1: =学员姓名!B7 -> 学生 6 | I1: =学员姓名!B8 -> 学生 7 | J1: =学员姓名!B9 -> 学生 8 | K1: =学员姓名!B10 -> 学生 9 | L1: =学员姓名!B11 -> 学生 10 | M1: =学员姓名!B12 -> 学生 11 | N1: =学员姓名!B13 -> 学生 12 | O1: =学员姓名!B14 -> 学生 13 | P1: =学员姓名!B15 -> 学生 14 | Q1: =学员姓名!B16 -> 学生 15 | R1: =学员姓名!B17 -> 学生 16 | S1: =学员姓名!B18 -> 学生 17 | T1: =学员姓名!B19 -> 学生 18 | U1: =学员姓名!B20 -> 学生 19 | V1: =学员姓名!B21 -> 学生 20 | W1: =学员姓名!B22 -> 学生 21 | X1: =学员姓名!B23 -> 学生 22 | Y1: =学员姓名!B24 -> 学生 23 | Z1: =学员姓名!B25 -> 学生 24
B2: 可得分数
A3: 第一部分 | B3: 18
A4: 第二部分 | B4: 32
A5: 总计 | B5: 50 | C5: =SUM(C3:C4) -> 0 | D5: =SUM(D3:D4) -> 0 | E5: =SUM(E3:E4) -> 0 | F5: =SUM(F3:F4) -> 0 | G5: =SUM(G3:G4) -> 0 | H5: =SUM(H3:H4) -> 0 | I5: =SUM(I3:I4) -> 0 | J5: =SUM(J3:J4) -> 0 | ... Z5: =SUM(Z3:Z4) -> 0
A6: 及格分数 | B6: 40 | C6: =IF(C5>=$B$6,"通过","未通过／未参加") -> 未通过／未参加 | D6: =IF(D5>=$B$6,"通过","未通过／未参加") -> 未通过／未参加 | E6: =IF(E5>=$B$6,"通过","未通过／未参加") -> 未通过／未参加 | F6: =IF(F5>=$B$6,"通过","未通过／未参加") -> 未通过／未参加 | G6: =IF(G5>=$B$6,"通过","未通过／未参加") -> 未通过／未参加 | H6: =IF(H5>=$B$6,"通过","未通过／未参加") -> 未通过／未参加 | I6: =IF(I5>=$B$6,"通过","未通过／未参加") -> 未通过／未参加 | J6: =IF(J5>=$B$6,"通过","未通过／未参加") -> 未通过／未参加 | ... Z6: =IF(Z5>=$B$6,"通过","未通过／未参加") -> 未通过／未参加

Sheet 情感性评估 (1)
A1: 情感性评估 (第一次作答) | C1: =学员姓名!B2 -> 学生 1 | D1: =学员姓名!B3 -> 学生 2 | E1: =学员姓名!B4 -> 学生 3 | F1: =学员姓名!B5 -> 学生 4 | G1: =学员姓名!B6 -> 学生 5 | H1: =学员姓名!B7 -> 学生 6 | I1: =学员姓名!B8 -> 学生 7 | J1: =学员姓名!B9 -> 学生 8 | K1: =学员姓名!B10 -> 学生 9 | L1: =学员姓名!B11 -> 学生 10 | M1: =学员姓名!B12 -> 学生 11 | N1: =学员姓名!B13 -> 学生 12 | O1: =学员姓名!B14 -> 学生 13 | P1: =学员姓名!B15 -> 学生 14 | Q1: =学员姓名!B16 -> 学生 15 | R1: =学员姓名!B17 -> 学生 16 | S1: =学员姓名!B18 -> 学生 17 | T1: =学员姓名!B19 -> 学生 18 | U1: =学员姓名!B20 -> 学生 19 | V1: =学员姓名!B21 -> 学生 20 | W1: =学员姓名!B22 -> 学生 21 | X1: =学员姓名!B23 -> 学生 22 | Y1: =学员姓名!B24 -> 学生 23 | Z1: =学员姓名!B25 -> 学生 24
A2: 评估项目 | B2: 可得分数
A3: AA1. 学员完整地填写了所有情感性评估表。 | B3: 6
A4: AA2. 学员撰写的笔记内容符合情感性评估。 | B4: 8
A5: AA3. 学员的品质印象评分在多次评估中保持一致。 | B5: 18
A6: AA4. 学员能运用多样的品质印象评分，以清楚表达其偏好。 | B6: 6
A7: AA5. 学员能适当且准确地发现并记录样本「一致性」问题。 | B7: 12
A8: 总计 | B8: 50 | C8: =SUM(C3:C7) -> 0 | D8: =SUM(D3:D7) -> 0 | E8: =SUM(E3:E7) -> 0 | F8: =SUM(F3:F7) -> 0 | G8: =SUM(G3:G7) -> 0 | H8: =SUM(H3:H7) -> 0 | I8: =SUM(I3:I7) -> 0 | J8: =SUM(J3:J7) -> 0 | ... Z8: =SUM(Z3:Z7) -> 0
A9: 及格分数 | B9: 40 | C9: =IF(C8>=$B$9,"通过","未通过／未参加") -> 未通过／未参加 | D9: =IF(D8>=$B$9,"通过","未通过／未参加") -> 未通过／未参加 | E9: =IF(E8>=$B$9,"通过","未通过／未参加") -> 未通过／未参加 | F9: =IF(F8>=$B$9,"通过","未通过／未参加") -> 未通过／未参加 | G9: =IF(G8>=$B$9,"通过","未通过／未参加") -> 未通过／未参加 | H9: =IF(H8>=$B$9,"通过","未通过／未参加") -> 未通过／未参加 | I9: =IF(I8>=$B$9,"通过","未通过／未参加") -> 未通过／未参加 | J9: =IF(J8>=$B$9,"通过","未通过／未参加") -> 未通过／未参加 | ... Z9: =IF(Z8>=$B$9,"通过","未通过／未参加") -> 未通过／未参加

Sheet 情感性评估 (2)
A1: 情感性评估 (第二次作答) | C1: =学员姓名!B2 -> 学生 1 | D1: =学员姓名!B3 -> 学生 2 | E1: =学员姓名!B4 -> 学生 3 | F1: =学员姓名!B5 -> 学生 4 | G1: =学员姓名!B6 -> 学生 5 | H1: =学员姓名!B7 -> 学生 6 | I1: =学员姓名!B8 -> 学生 7 | J1: =学员姓名!B9 -> 学生 8 | K1: =学员姓名!B10 -> 学生 9 | L1: =学员姓名!B11 -> 学生 10 | M1: =学员姓名!B12 -> 学生 11 | N1: =学员姓名!B13 -> 学生 12 | O1: =学员姓名!B14 -> 学生 13 | P1: =学员姓名!B15 -> 学生 14 | Q1: =学员姓名!B16 -> 学生 15 | R1: =学员姓名!B17 -> 学生 16 | S1: =学员姓名!B18 -> 学生 17 | T1: =学员姓名!B19 -> 学生 18 | U1: =学员姓名!B20 -> 学生 19 | V1: =学员姓名!B21 -> 学生 20 | W1: =学员姓名!B22 -> 学生 21 | X1: =学员姓名!B23 -> 学生 22 | Y1: =学员姓名!B24 -> 学生 23 | Z1: =学员姓名!B25 -> 学生 24
A2: 评估项目 | B2: 可得分数
A3: AA1. 学员完整地填写了所有情感性评估表。 | B3: 6
A4: AA2. 学员撰写的笔记内容符合情感性评估。 | B4: 8
A5: AA3. 学员的品质印象评分在多次评估中保持一致。 | B5: 18
A6: AA4. 学员能运用多样的品质印象评分，以清楚表达其偏好。 | B6: 6
A7: AA5. 学员能适当且准确地发现并记录样本「一致性」问题。 | B7: 12
A8: 总计 | B8: 50 | C8: =SUM(C3:C7) -> 0 | D8: =SUM(D3:D7) -> 0 | E8: =SUM(E3:E7) -> 0 | F8: =SUM(F3:F7) -> 0 | G8: =SUM(G3:G7) -> 0 | H8: =SUM(H3:H7) -> 0 | I8: =SUM(I3:I7) -> 0 | J8: =SUM(J3:J7) -> 0 | ... Z8: =SUM(Z3:Z7) -> 0
A9: 及格分数 | B9: 40 | C9: =IF(C8>=$B$9,"通过","未通过／未参加") -> 未通过／未参加 | D9: =IF(D8>=$B$9,"通过","未通过／未参加") -> 未通过／未参加 | E9: =IF(E8>=$B$9,"通过","未通过／未参加") -> 未通过／未参加 | F9: =IF(F8>=$B$9,"通过","未通过／未参加") -> 未通过／未参加 | G9: =IF(G8>=$B$9,"通过","未通过／未参加") -> 未通过／未参加 | H9: =IF(H8>=$B$9,"通过","未通过／未参加") -> 未通过／未参加 | I9: =IF(I8>=$B$9,"通过","未通过／未参加") -> 未通过／未参加 | J9: =IF(J8>=$B$9,"通过","未通过／未参加") -> 未通过／未参加 | ... Z9: =IF(Z8>=$B$9,"通过","未通过／未参加") -> 未通过／未参加
